country,country_code,year,predicted_population
Afghanistan,AFG,2024,42553258.788499996
Afghanistan,AFG,2025,43642622.2134856
Afghanistan,AFG,2026,44720594.98215869
Afghanistan,AFG,2027,45784945.14273407
Afghanistan,AFG,2028,46833420.38650268
Afghanistan,AFG,2029,47863755.63500574
Afghanistan,AFG,2030,48873680.87890437
Afghanistan,AFG,2031,49860929.23265824
Afghanistan,AFG,2032,50823245.16684855
Afghanistan,AFG,2033,51758392.87791856
Albania,ALB,2024,2790246.726
Albania,ALB,2025,2768761.8262098
Albania,ALB,2026,2747165.4839653634
Albania,ALB,2027,2725462.8766420367
Albania,ALB,2028,2703659.1736289
Albania,ALB,2029,2681759.5343225063
Albania,ALB,2030,2659769.106141062
Albania,ALB,2031,2637693.022560091
Albania,ALB,2032,2615536.4011705867
Albania,ALB,2033,2593304.341760637
Algeria,DZA,2024,46450386.8478
Algeria,DZA,2025,46715154.05283246
Algeria,DZA,2026,46958072.8539072
Algeria,DZA,2027,47178775.79632056
Algeria,DZA,2028,47376926.654665105
Algeria,DZA,2029,47552221.28328737
Algeria,DZA,2030,47704388.39139389
Algeria,DZA,2031,47833190.24005065
Algeria,DZA,2032,47938423.25857876
Algeria,DZA,2033,48019918.57811835
Andorra,AND,2024,80008.6675
Andorra,AND,2025,79208.580825
Andorra,AND,2026,78424.4158748325
Andorra,AND,2027,77655.85659925913
Andorra,AND,2028,76902.59479024631
Andorra,AND,2029,76164.32988025995
Andorra,AND,2030,75440.76874639747
Andorra,AND,2031,74731.62552018133
Andorra,AND,2032,74036.62140284365
Andorra,AND,2033,73355.48448593749
Angola,AGO,2024,37826622.663600005
Angola,AGO,2025,38900898.74724624
Angola,AGO,2026,39970673.46279552
Angola,AGO,2027,41033893.37690588
Angola,AGO,2028,42088464.436692365
Angola,AGO,2029,43132258.354722336
Angola,AGO,2030,44163119.329400204
Angola,AGO,2031,45178871.073976405
Angola,AGO,2032,46177324.12471128
Angola,AGO,2033,47156283.39615516
Antigua and Barbuda,ATG,2024,92807.87640000001
Antigua and Barbuda,ATG,2025,92325.27544272001
Antigua and Barbuda,ATG,2026,91845.18401041787
Antigua and Barbuda,ATG,2027,91367.5890535637
Antigua and Barbuda,ATG,2028,90892.47759048517
Antigua and Barbuda,ATG,2029,90419.83670701465
Antigua and Barbuda,ATG,2030,89949.65355613818
Antigua and Barbuda,ATG,2031,89481.91535764626
Antigua and Barbuda,ATG,2032,89016.6093977865
Antigua and Barbuda,ATG,2033,88553.723028918
Argentina,ARG,2024,45274233.5352
Argentina,ARG,2025,45020697.827402875
Argentina,ARG,2026,44777586.0591349
Argentina,ARG,2027,44544742.6116274
Argentina,ARG,2028,44322018.89856926
Argentina,ARG,2029,44109273.20785613
Argentina,ARG,2030,43906370.55109999
Argentina,ARG,2031,43713182.52067515
Argentina,ARG,2032,43529587.15408832
Argentina,ARG,2033,43355468.805471964
Armenia,ARM,2024,2931572.616
Armenia,ARM,2025,2919553.1682744
Armenia,ARM,2026,2907291.044967647
Armenia,ARM,2027,2894789.6934742862
Armenia,ARM,2028,2882052.6188229993
Armenia,ARM,2029,2869083.3820382957
Armenia,ARM,2030,2855885.5984809194
Armenia,ARM,2031,2842462.936168059
Armenia,ARM,2032,2828819.114074452
Armenia,ARM,2033,2814957.900415487
Australia,AUS,2024,26329399.0596
Australia,AUS,2025,26208283.823925838
Australia,AUS,2026,26087725.718335778
Australia,AUS,2027,25967722.18003143
Australia,AUS,2028,25848270.658003286
Australia,AUS,2029,25729368.61297647
Australia,AUS,2030,25611013.517356776
Australia,AUS,2031,25493202.855176933
Australia,AUS,2032,25375934.122043118
Australia,AUS,2033,25259204.825081717
Austria,AUT,2024,9050951.6418
Austria,AUT,2025,8964062.50603872
Austria,AUT,2026,8869939.849725313
Austria,AUT,2027,8768822.535438444
Austria,AUT,2028,8660966.018252552
Austria,AUT,2029,8546641.266811619
Austria,AUT,2030,8426133.624949574
Austria,AUT,2031,8299741.620575331
Austria,AUT,2032,8167775.728808183
Austria,AUT,2033,8030557.096564205
Azerbaijan,AZE,2024,10271729.275500001
Azerbaijan,AZE,2025,10223452.14790515
Azerbaijan,AZE,2026,10173357.232380414
Azerbaijan,AZE,2027,10121473.110495275
Azerbaijan,AZE,2028,10067829.30300965
Azerbaijan,AZE,2029,10012456.241843097
Azerbaijan,AZE,2030,9955385.241264591
Azerbaijan,AZE,2031,9896648.468341129
Azerbaijan,AZE,2032,9836278.912684249
Azerbaijan,AZE,2033,9774310.355534337
Bahamas,BHS,2024,396454.36600000004
Bahamas,BHS,2025,393480.95825500006
Bahamas,BHS,2026,390490.5029722621
Bahamas,BHS,2027,387483.72609937564
Bahamas,BHS,2028,384461.3530358005
Bahamas,BHS,2029,381424.10834681767
Bahamas,BHS,2030,378372.71548004315
Bahamas,BHS,2031,375307.8964846548
Bahamas,BHS,2032,372230.37173348066
Bahamas,BHS,2033,369140.85964809277
Bahrain,BHR,2024,1564916.125
Bahrain,BHR,2025,1559908.3934
Bahrain,BHR,2026,1554604.70486244
Bahrain,BHR,2027,1549008.1279249352
Bahrain,BHR,2028,1543121.8970388204
Bahrain,BHR,2029,1536949.409450665
Bahrain,BHR,2030,1530494.2219309723
Bahrain,BHR,2031,1523760.047354476
Bahrain,BHR,2032,1516750.7511366454
Bahrain,BHR,2033,1509470.3475311894
Bangladesh,BGD,2024,171535531.778
Bangladesh,BGD,2025,171569838.8843556
Bangladesh,BGD,2026,171569838.8843556
Bangladesh,BGD,2027,171535524.91657874
Bangladesh,BGD,2028,171466910.7066121
Bangladesh,BGD,2029,171364030.56018814
Bangladesh,BGD,2030,171226939.33574
Bangladesh,BGD,2031,171055712.39640427
Bangladesh,BGD,2032,170850445.54152858
Bangladesh,BGD,2033,170611254.91777045
Barbados,BRB,2024,281201.0222
Barbados,BRB,2025,280104.33821342
Barbados,BRB,2026,279011.9312943877
Barbados,BRB,2027,277923.78476233955
Barbados,BRB,2028,276839.8820017664
Barbados,BRB,2029,275760.2064619595
Barbados,BRB,2030,274684.7416567579
Barbados,BRB,2031,273613.47116429656
Barbados,BRB,2032,272546.3786267558
Barbados,BRB,2033,271483.44775011146
Belarus,BLR,2024,9023558.1774
Belarus,BLR,2025,8921591.969995381
Belarus,BLR,2026,8810072.07037044
Belarus,BLR,2027,8689374.083006363
Belarus,BLR,2028,8559902.409169568
Belarus,BLR,2029,8422087.980381938
Belarus,BLR,2030,8276385.8583213305
Belarus,BLR,2031,8123272.719942386
Belarus,BLR,2032,7963244.247359521
Belarus,BLR,2033,7796812.442589707
Belgium,BEL,2024,11608591.7596
Belgium,BEL,2025,11485540.68694824
Belgium,BEL,2026,11344268.536498778
Belgium,BEL,2027,11185448.776987795
Belgium,BEL,2028,11009837.231189085
Belgium,BEL,2029,10818266.063366394
Belgium,BEL,2030,10611637.181556096
Belgium,BEL,2031,10390915.128179729
Belgium,BEL,2032,10157119.537795685
Belgium,BEL,2033,9911317.24498103
Belize,BLZ,2024,410949.6781
Belize,BLZ,2025,411072.96300343
Belize,BLZ,2026,411442.92867013306
Belize,BLZ,2027,412060.09306313825
Belize,BLZ,2028,412925.4192585708
Belize,BLZ,2029,414040.3178905689
Belize,BLZ,2030,415406.6509396078
Belize,BLZ,2031,417026.7368782723
Belize,BLZ,2032,418903.35719422455
Belize,BLZ,2033,421039.76431591506
Benin,BEN,2024,14448239.589300001
Benin,BEN,2025,14783438.747771759
Benin,BEN,2026,15116066.119596623
Benin,BEN,2027,15445596.36100383
Benin,BEN,2028,15771498.444221009
Benin,BEN,2029,16093237.012483116
Benin,BEN,2030,16410273.781629035
Benin,BEN,2031,16722068.983479986
Benin,BEN,2032,17028082.84587767
Benin,BEN,2033,17327777.10396512
Bhutan,BTN,2024,781140.222
Bhutan,BTN,2025,775828.4684903999
Bhutan,BTN,2026,770397.669210967
Bhutan,BTN,2027,764850.8059926481
Bhutan,BTN,2028,759190.9100283026
Bhutan,BTN,2029,753421.0591120875
Bhutan,BTN,2030,747544.3748510132
Bhutan,BTN,2031,741564.0198522051
Bhutan,BTN,2032,735483.194889417
Bhutan,BTN,2033,729305.136052346
Bolivia,BOL,2024,12295529.2368
Bolivia,BOL,2025,12343481.80082352
Bolivia,BOL,2026,12387918.335306486
Bolivia,BOL,2027,12428798.465812998
Bolivia,BOL,2028,12466084.861210436
Bolivia,BOL,2029,12499743.290335704
Bolivia,BOL,2030,12529742.674232509
Bolivia,BOL,2031,12556055.133848397
Bolivia,BOL,2032,12578656.033089325
Bolivia,BOL,2033,12597524.01713896
Bosnia and Herzegovina,BIH,2024,3165922.802
Bosnia and Herzegovina,BIH,2025,3147243.8574682
Bosnia and Herzegovina,BIH,2026,3128989.8430948844
Bosnia and Herzegovina,BIH,2027,3111154.6009892435
Bosnia and Herzegovina,BIH,2028,3093732.1352237035
Bosnia and Herzegovina,BIH,2029,3076716.6084799734
Bosnia and Herzegovina,BIH,2030,3060102.3387941816
Bosnia and Herzegovina,BIH,2031,3043883.7963985726
Bosnia and Herzegovina,BIH,2032,3028055.6006573
Bosnia and Herzegovina,BIH,2033,3012612.517093948
Botswana,BWA,2024,2494322.0545
Botswana,BWA,2025,2507043.0969779505
Botswana,BWA,2026,2518324.790914351
Botswana,BWA,2027,2528146.257598917
Botswana,BWA,2028,2536489.1402489934
Botswana,BWA,2029,2543337.6609276654
Botswana,BWA,2030,2548678.6700156135
Botswana,BWA,2031,2552501.6880206373
Botswana,BWA,2032,2554798.939539856
Botswana,BWA,2033,2555565.379221718
Brazil,BRA,2024,210106088.6778
Brazil,BRA,2025,209055558.234411
Brazil,BRA,2026,207989374.8874155
Brazil,BRA,2027,206907830.13800094
Brazil,BRA,2028,205811218.63826954
Brazil,BRA,2029,204699838.0576229
Brazil,BRA,2030,203573988.948306
Brazil,BRA,2031,202433974.6101955
Brazil,BRA,2032,201280100.9549174
Brazil,BRA,2033,200112676.36937886
Brunei,BRN,2024,457257.924
Brunei,BRN,2025,455566.06968119997
Brunei,BRN,2026,453834.9186164114
Brunei,BRN,2027,452064.9624338074
Brunei,BRN,2028,450256.70258407213
Brunei,BRN,2029,448410.6501034774
Brunei,BRN,2030,446527.32537304284
Brunei,BRN,2031,444607.25787393877
Brunei,BRN,2032,442650.98593929346
Brunei,BRN,2033,440659.0565025667
Bulgaria,BGR,2024,6770612.6991
Bulgaria,BGR,2025,6744207.30957351
Bulgaria,BGR,2026,6716556.059604258
Bulgaria,BGR,2027,6687674.86854796
Bulgaria,BGR,2028,6657580.331639495
Bulgaria,BGR,2029,6626289.704080788
Bulgaria,BGR,2030,6593820.884530792
Bulgaria,BGR,2031,6560192.398019685
Bulgaria,BGR,2032,6525423.378310181
Bulgaria,BGR,2033,6489533.549729476
Burkina Faso,BFA,2024,23486252.76
Burkina Faso,BFA,2025,23934840.187716
Burkina Faso,BFA,2026,24370454.27913243
Burkina Faso,BFA,2027,24792063.138161425
Burkina Faso,BFA,2028,25198652.973627273
Burkina Faso,BFA,2029,25589232.094718497
Burkina Faso,BFA,2030,25962834.883301385
Burkina Faso,BFA,2031,26318525.721202616
Burkina Faso,BFA,2032,26655402.850434005
Burkina Faso,BFA,2033,26972602.144354172
Burundi,BDI,2024,14056282.080799999
Burundi,BDI,2025,14418934.15848464
Burundi,BDI,2026,14776523.725615058
Burundi,BDI,2027,15128204.990284696
Burundi,BDI,2028,15473128.064063186
Burundi,BDI,2029,15810442.255859764
Burundi,BDI,2030,16139299.454781646
Burundi,BDI,2031,16458857.583986323
Burundi,BDI,2032,16768284.106565265
Burundi,BDI,2033,17066759.563662127
Cambodia,KHM,2024,17500499.873999998
Cambodia,KHM,2025,17570501.873496
Cambodia,KHM,2026,17633755.680240586
Cambodia,KHM,2027,17690183.698417358
Cambodia,KHM,2028,17739716.212772924
Cambodia,KHM,2029,17782291.53168358
Cambodia,KHM,2030,17817856.114746947
Cambodia,KHM,2031,17846364.68453054
Cambodia,KHM,2032,17867780.32215198
Cambodia,KHM,2033,17882074.5464097
Cameroon,CMR,2024,28979812.4532
Cameroon,CMR,2025,29576796.58973592
Cameroon,CMR,2026,30162417.162212692
Cameroon,CMR,2027,30735503.08829473
Cameroon,CMR,2028,31294889.244501695
Cameroon,CMR,2029,31839420.317356028
Cameroon,CMR,2030,32367954.694624137
Cameroon,CMR,2031,32879368.3787992
Cameroon,CMR,2032,33372558.904481184
Cameroon,CMR,2033,33846449.24092481
Canada,CAN,2024,38996450.2919
Canada,CAN,2025,38688378.33459399
Canada,CAN,2026,38375002.47008378
Canada,CAN,2027,38056489.949582085
Canada,CAN,2028,37733009.785010636
Canada,CAN,2029,37404732.59988104
Canada,CAN,2030,37071830.479742095
Canada,CAN,2031,36734476.822376445
Canada,CAN,2032,36392846.18792834
Canada,CAN,2033,36047114.149143025
Cape Verde,CPV,2024,519208.489
Cape Verde,CPV,2025,516093.238066
Cape Verde,CPV,2026,512945.0693137974
Cape Verde,CPV,2027,509764.80988405185
Cape Verde,CPV,2028,506553.29158178234
Cape Verde,CPV,2029,503311.35051565897
Cape Verde,CPV,2030,500039.8267373072
Cape Verde,CPV,2031,496739.56388084096
Cape Verde,CPV,2032,493411.4088028393
Cape Verde,CPV,2033,490056.21122297994
Central African Republic,CAF,2024,5353315.546999999
Central African Republic,CAF,2025,5561559.521778299
Central African Republic,CAF,2026,5777348.031223296
Central African Republic,CAF,2027,6000931.400031637
Central African Republic,CAF,2028,6232567.352072858
Central African Republic,CAF,2029,6472521.195127663
Central African Republic,CAF,2030,6721066.009020565
Central African Republic,CAF,2031,6978482.837166052
Central African Republic,CAF,2032,7245060.881545795
Central African Republic,CAF,2033,7521097.7011326905
Chad,TCD,2024,20076330.779999997
Chad,TCD,2025,20843246.615795996
Chad,TCD,2026,21618615.389903605
Chad,TCD,2027,22401209.267018117
Chad,TCD,2028,23189731.83321716
Chad,TCD,2029,23982820.661913186
Chad,TCD,2030,24779050.307888705
Chad,TCD,2031,25576935.72780272
Chad,TCD,2032,26374936.12251017
Chad,TCD,2033,27171459.193409976
Chile,CHL,2024,19458271.3318
Chile,CHL,2025,19242284.52001702
Chile,CHL,2026,19011377.105776817
Chile,CHL,2027,18766130.341112297
Chile,CHL,2028,18507157.742404945
Chile,CHL,2029,18235102.523591593
Chile,CHL,2030,17950634.924223565
Chile,CHL,2031,17654449.447973877
Chile,CHL,2032,17347262.027579132
Chile,CHL,2033,17029807.132474434
China,CHN,2024,1406509668.8786001
China,CHN,2025,1390194156.7196083
China,CHN,2026,1373650846.2546449
China,CHN,2027,1356892305.9303381
China,CHN,2028,1339931152.106209
China,CHN,2029,1322780033.3592496
China,CHN,2030,1305451614.9222434
China,CHN,2031,1287958563.2822855
China,CHN,2032,1270313530.965318
China,CHN,2033,1252529141.5318036
Colombia,COL,2024,52080426.9216
Colombia,COL,2025,51835648.91506848
Colombia,COL,2026,51586837.800276145
Colombia,COL,2027,51334062.29505479
Colombia,COL,2028,51077391.98357952
Colombia,COL,2029,50816897.284463264
Colombia,COL,2030,50552649.418584056
Colombia,COL,2031,50284720.37666556
Colombia,COL,2032,50013182.88663157
Colombia,COL,2033,49738110.3807551
Comoros,COM,2024,864960.7620000001
Comoros,COM,2025,879319.1106492
Comoros,COM,2026,893388.2164195873
Comoros,COM,2027,907146.394952449
Comoros,COM,2028,920572.1615977451
Comoros,COM,2029,933644.2862924332
Comoros,COM,2030,946341.8485860103
Comoros,COM,2031,958644.2926176284
Comoros,COM,2032,970531.4818460869
Comoros,COM,2033,981983.7533318708
Congo,COG,2024,6306486.600000001
Congo,COG,2025,6428832.440040001
Congo,COG,2026,6549694.489912752
Congo,COG,2027,6668898.929629164
Congo,COG,2028,6786271.550790638
Congo,COG,2029,6901638.167154079
Congo,COG,2030,7014825.033095406
Congo,COG,2031,7125659.268618314
Congo,COG,2032,7233969.289501313
Congo,COG,2033,7339585.241128032
Costa Rica,CRI,2024,5065646.3418
Costa Rica,CRI,2025,5025627.735699779
Costa Rica,CRI,2026,4985422.713814181
Costa Rica,CRI,2027,4945040.789832287
Costa Rica,CRI,2028,4904491.455355662
Costa Rica,CRI,2029,4863784.17627621
Costa Rica,CRI,2030,4822928.38919549
Costa Rica,CRI,2031,4781933.497887328
Costa Rica,CRI,2032,4740808.869805497
Costa Rica,CRI,2033,4699563.832638189
Cote d'Ivoire,CIV,2024,31823185.991200004
Cote d'Ivoire,CIV,2025,32472378.985420484
Cote d'Ivoire,CIV,2026,33112084.85143327
Cote d'Ivoire,CIV,2027,33741214.46361051
Cote d'Ivoire,CIV,2028,34358678.68829458
Cote d'Ivoire,CIV,2029,34963391.43320857
Cote d'Ivoire,CIV,2030,35554272.7484298
Cote d'Ivoire,CIV,2031,36130251.96695436
Cote d'Ivoire,CIV,2032,36690270.872442156
Cote d'Ivoire,CIV,2033,37233286.8813543
Croatia,HRV,2024,3869090.7863
Croatia,HRV,2025,3840072.60540275
Croatia,HRV,2026,3808968.0172989876
Croatia,HRV,2027,3775829.9955484862
Croatia,HRV,2028,3740714.7765898854
Croatia,HRV,2029,3703681.7003016453
Croatia,HRV,2030,3664793.0424484783
Croatia,HRV,2031,3624113.8396773003
Croatia,HRV,2032,3581711.7077530758
Croatia,HRV,2033,3537656.653747713
Cuba,CUB,2024,10950455.7497
Cuba,CUB,2025,10884753.0152018
Cuba,CUB,2026,10822709.92301515
Cuba,CUB,2027,10764267.289430868
Cuba,CUB,2028,10709369.526254771
Cuba,CUB,2029,10657964.552528748
Cuba,CUB,2030,10610003.712042369
Cuba,CUB,2031,10565441.69645179
Cuba,CUB,2032,10524236.473835628
Cuba,CUB,2033,10486349.22252982
Cyprus,CYP,2024,1335387.9473
Cyprus,CYP,2025,1325906.6928741701
Cyprus,CYP,2026,1316492.7553547635
Cyprus,CYP,2027,1307145.6567917448
Cyprus,CYP,2028,1297864.9226285233
Cyprus,CYP,2029,1288650.0816778608
Cyprus,CYP,2030,1279500.666097948
Cyprus,CYP,2031,1270416.2113686528
Cyprus,CYP,2032,1261396.2562679353
Cyprus,CYP,2033,1252440.342848433
Czechia,CZE,2024,10721034.6732
Czechia,CZE,2025,10614896.42993532
Czechia,CZE,2026,10491763.63134807
Czechia,CZE,2027,10352223.175051142
Czechia,CZE,2028,10196939.827425374
Czechia,CZE,2029,10026650.93230737
Czechia,CZE,2030,9842160.555152915
Czechia,CZE,2031,9644333.127994342
Czechia,CZE,2032,9434086.665804064
Czechia,CZE,2033,9212385.629157668
Democratic Republic of Congo,COD,2024,109904899.59089999
Democratic Republic of Congo,COD,2025,114114257.24523146
Democratic Republic of Congo,COD,2026,118416364.7433767
Democratic Republic of Congo,COD,2027,122809611.87535597
Democratic Republic of Congo,COD,2028,127292162.70880647
Democratic Republic of Congo,COD,2029,131861951.35005262
Democratic Republic of Congo,COD,2030,136516678.23270947
Democratic Republic of Congo,COD,2031,141253806.9673845
Democratic Republic of Congo,COD,2032,146070561.7849723
Democratic Republic of Congo,COD,2033,150963925.60476887
Denmark,DNK,2024,5910010.3008
Denmark,DNK,2025,5869231.22972448
Denmark,DNK,2026,5825798.918624519
Denmark,DNK,2027,5779775.1071673855
Denmark,DNK,2028,5731224.99626718
Denmark,DNK,2029,5680217.093800402
Denmark,DNK,2030,5626823.053118679
Denmark,DNK,2031,5571117.504892804
Denmark,DNK,2032,5513177.882841919
Denmark,DNK,2033,5453084.243918941
Djibouti,DJI,2024,1158330.6864
Djibouti,DJI,2025,1163311.50835152
Djibouti,DJI,2026,1167848.423234091
Djibouti,DJI,2027,1171935.8927154103
Djibouti,DJI,2028,1175568.8939828281
Djibouti,DJI,2029,1178742.9299965817
Djibouti,DJI,2030,1181454.0387355739
Djibouti,DJI,2031,1183698.8014091714
Djibouti,DJI,2032,1185474.3496112851
Djibouti,DJI,2033,1186778.3713958578
Dominica,DMA,2024,66065.8364
Dominica,DMA,2025,65656.22821432
Dominica,DMA,2026,65249.15959939122
Dominica,DMA,2027,64844.614809875
Dominica,DMA,2028,64442.57819805377
Dominica,DMA,2029,64043.03421322584
Dominica,DMA,2030,63645.96740110384
Dominica,DMA,2031,63251.362403217
Dominica,DMA,2032,62859.203956317055
Dominica,DMA,2033,62469.47689178789
Dominican Republic,DOM,2024,11343677.3343
Dominican Republic,DOM,2025,11352752.27616744
Dominican Republic,DOM,2026,11358428.652305523
Dominican Republic,DOM,2027,11360700.338035984
Dominican Republic,DOM,2028,11359564.26800218
Dominican Republic,DOM,2029,11355020.44229498
Dominican Republic,DOM,2030,11347071.927985372
Dominican Republic,DOM,2031,11335724.856057387
Dominican Republic,DOM,2032,11320988.413744513
Dominican Republic,DOM,2033,11302874.832282523
East Timor,TLS,2024,1391432.0168
East Timor,TLS,2025,1397415.17447224
East Timor,TLS,2026,1402166.3860654458
East Timor,TLS,2027,1405671.8020306095
East Timor,TLS,2028,1407920.8769138586
East Timor,TLS,2029,1408906.4215276982
East Timor,TLS,2030,1408624.6402433927
East Timor,TLS,2031,1407075.1531391249
East Timor,TLS,2032,1404261.0028328467
East Timor,TLS,2033,1400188.6459246315
Ecuador,ECU,2024,17922497.8912
Ecuador,ECU,2025,17857976.89879168
Ecuador,ECU,2026,17786544.991196513
Ecuador,ECU,2027,17708284.19323525
Ecuador,ECU,2028,17623284.42910772
Ecuador,ECU,2029,17531643.35007636
Ecuador,ECU,2030,17433466.14731593
Ecuador,ECU,2031,17328865.350432035
Ecuador,ECU,2032,17217960.61218927
Ecuador,ECU,2033,17100878.480026383
Egypt,EGY,2024,115280206.206
Egypt,EGY,2025,116029527.54633899
Egypt,EGY,2026,116783719.47539018
Egypt,EGY,2027,117542813.6519802
Egypt,EGY,2028,118306841.94071807
Egypt,EGY,2029,119075836.41333273
Egypt,EGY,2030,119849829.35001938
Egypt,EGY,2031,120628853.2407945
Egypt,EGY,2032,121412940.78685965
Egypt,EGY,2033,122202124.90197423
El Salvador,SLV,2024,6288753.4025
El Salvador,SLV,2025,6267371.6409315
El Salvador,SLV,2026,6245435.840188241
El Salvador,SLV,2027,6222952.271163562
El Salvador,SLV,2028,6199927.347760257
El Salvador,SLV,2029,6176367.623838768
El Salvador,SLV,2030,6152279.790105797
El Salvador,SLV,2031,6127670.670945374
El Salvador,SLV,2032,6102547.221194498
El Salvador,SLV,2033,6076916.522865482
Equatorial Guinea,GNQ,2024,1882418.7688999998
Equatorial Guinea,GNQ,2025,1916302.3067402
Equatorial Guinea,GNQ,2026,1949071.0761854576
Equatorial Guinea,GNQ,2027,1980646.027619662
Equatorial Guinea,GNQ,2028,2010949.911842243
Equatorial Guinea,GNQ,2029,2039907.5905727714
Equatorial Guinea,GNQ,2030,2067446.3430455038
Equatorial Guinea,GNQ,2031,2093496.166967877
Equatorial Guinea,GNQ,2032,2117990.0721214013
Equatorial Guinea,GNQ,2033,2140864.3649003124
Eritrea,ERI,2024,3523440.2632000004
Eritrea,ERI,2025,3574530.1470164005
Eritrea,ERI,2026,3623501.2100305255
Eritrea,ERI,2027,3670244.3756399187
Eritrea,ERI,2028,3714654.3325851616
Eritrea,ERI,2029,3756629.926543374
Eritrea,ERI,2030,3796074.5407720795
Eritrea,ERI,2031,3832896.463817569
Eritrea,ERI,2032,3867009.242345545
Eritrea,ERI,2033,3898332.017208544
Estonia,EST,2024,1356069.1417
Estonia,EST,2025,1344271.34016721
Estonia,EST,2026,1331769.6167036549
Estonia,EST,2027,1318585.0974982886
Estonia,EST,2028,1304739.9539745566
Estonia,EST,2029,1290257.3404854392
Estonia,EST,2030,1275161.3296017596
Estonia,EST,2031,1259476.845247658
Estonia,EST,2032,1243229.593943963
Estonia,EST,2033,1226445.9944257196
Eswatini,SWZ,2024,1237839.742
Eswatini,SWZ,2025,1244647.860581
Eswatini,SWZ,2026,1250871.099883905
Eswatini,SWZ,2027,1256500.0198333825
Eswatini,SWZ,2028,1261526.019912716
Eswatini,SWZ,2029,1265941.3609824106
Eswatini,SWZ,2030,1269739.185065358
Eswatini,SWZ,2031,1272913.5330280212
Eswatini,SWZ,2032,1275459.3600940772
Eswatini,SWZ,2033,1277372.5491342184
Ethiopia,ETH,2024,131008103.772
Ethiopia,ETH,2025,133248342.34650122
Ethiopia,ETH,2026,135406965.49251452
Ethiopia,ETH,2027,137478692.06455
Ethiopia,ETH,2028,139458385.23027954
Ethiopia,ETH,2029,141341073.43088832
Ethiopia,ETH,2030,143121970.9561175
Ethiopia,ETH,2031,144796498.0163041
Ethiopia,ETH,2032,146360300.1948802
Ethiopia,ETH,2033,147809267.1668095
Fiji,FJI,2024,925500.1710000001
Fiji,FJI,2025,926610.7712052001
Fiji,FJI,2026,927444.7208992847
Fiji,FJI,2027,928001.1877318242
Fiji,FJI,2028,928279.5880881437
Fiji,FJI,2029,928279.5880881437
Fiji,FJI,2030,928001.1042117174
Fiji,FJI,2031,927444.3035491903
Fiji,FJI,2032,926609.603675996
Fiji,FJI,2033,925497.6721515848
Finland,FIN,2024,5552963.2562
Finland,FIN,2025,5502986.586894199
Finland,FIN,2026,5451258.512977394
Finland,FIN,2027,5397836.179550216
Finland,FIN,2028,5342778.2505188035
Finland,FIN,2029,5286144.801063304
Finland,FIN,2030,5227997.208251608
Finland,FIN,2031,5168398.040077539
Finland,FIN,2032,5107410.943204624
Finland,FIN,2033,5045100.529697527
France,FRA,2024,66053429.1108
France,FRA,2025,65591055.107024394
France,FRA,2026,65053208.4551468
France,FRA,2027,64441708.29566842
France,FRA,2028,63758626.187734336
France,FRA,2029,63006274.398719065
France,FRA,2030,62187192.83153572
France,FRA,2031,61304134.69332791
France,FRA,2032,60360051.019050665
France,FRA,2033,59358074.17213442
Gabon,GAB,2024,2521761.6111
Gabon,GAB,2025,2557822.80213873
Gabon,GAB,2026,2592864.9745280305
Gabon,GAB,2027,2626831.5056943474
Gabon,GAB,2028,2659666.899515527
Gabon,GAB,2029,2691316.9356197617
Gabon,GAB,2030,2721728.816992265
Gabon,GAB,2031,2750851.315334082
Gabon,GAB,2032,2778634.913618956
Gabon,GAB,2033,2805031.9452983364
Gambia,GMB,2024,2747436.4647999997
Gambia,GMB,2025,2796066.09022696
Gambia,GMB,2026,2843599.213760818
Gambia,GMB,2027,2889949.880945119
Gambia,GMB,2028,2935033.099087863
Gambia,GMB,2029,2978765.0922642723
Gambia,GMB,2030,3021063.5565744247
Gambia,GMB,2031,3061847.9145881794
Gambia,GMB,2032,3101039.5678949077
Gambia,GMB,2033,3138562.146666436
Georgia,GEO,2024,3796013.692
Georgia,GEO,2025,3784246.0495547997
Georgia,GEO,2026,3772136.4621962244
Georgia,GEO,2027,3759688.411870977
Georgia,GEO,2028,3746905.4712706157
Georgia,GEO,2029,3733791.302121169
Georgia,GEO,2030,3720349.6534335325
Georgia,GEO,2031,3706584.359715828
Georgia,GEO,2032,3692499.339148908
Georgia,GEO,2033,3678098.591726227
Germany,DEU,2024,83973256.3488
Germany,DEU,2025,83385443.55435841
Germany,DEU,2026,82785068.36076702
Germany,DEU,2027,82172458.85489735
Germany,DEU,2028,81547948.16760013
Germany,DEU,2029,80911874.17189284
Germany,DEU,2030,80264579.1785177
Germany,DEU,2031,79606409.62925385
Germany,DEU,2032,78937715.78836812
Germany,DEU,2033,78258851.43258815
Ghana,GHA,2024,34216975.949
Ghana,GHA,2025,34641266.4507676
Ghana,GHA,2026,35060425.774821885
Ghana,GHA,2027,35474138.79896478
Ghana,GHA,2028,35882091.39515288
Ghana,GHA,2029,36283970.81877859
Ghana,GHA,2030,36679466.10070327
Ghana,GHA,2031,37068268.44137072
Ghana,GHA,2032,37450071.606316835
Ghana,GHA,2033,37824572.32238001
Greece,GRC,2024,10166028.625
Greece,GRC,2025,10091816.616037501
Greece,GRC,2026,10020164.718063634
Greece,GRC,2027,9951025.581508994
Greece,GRC,2028,9884353.710112883
Greece,GRC,2029,9820105.410997149
Greece,GRC,2030,9758238.746907867
Greece,GRC,2031,9698713.490551729
Greece,GRC,2032,9641491.080957474
Greece,GRC,2033,9586534.581796017
Grenada,GRD,2024,116321.3086
Grenada,GRD,2025,115588.48435582001
Grenada,GRD,2026,114848.71805594277
Grenada,GRD,2027,114102.20138857914
Grenada,GRD,2028,113349.12685941451
Grenada,GRD,2029,112589.68770945643
Grenada,GRD,2030,111824.07783303212
Grenada,GRD,2031,111052.4916959842
Grenada,GRD,2032,110275.1242541123
Grenada,GRD,2033,109492.1708719081
Guatemala,GTM,2024,18157415.623800002
Guatemala,GTM,2025,18184651.747235704
Guatemala,GTM,2026,18206473.32933239
Guatemala,GTM,2027,18222859.155328788
Guatemala,GTM,2028,18233792.870821983
Guatemala,GTM,2029,18239263.008683227
Guatemala,GTM,2030,18239263.008683227
Guatemala,GTM,2031,18233791.22978062
Guatemala,GTM,2032,18222850.955042753
Guatemala,GTM,2033,18206450.389183216
Guinea,GIN,2024,14699294.6496
Guinea,GIN,2025,14987400.82473216
Guinea,GIN,2026,15269163.960237123
Guinea,GIN,2027,15544008.911521392
Guinea,GIN,2028,15811365.864799557
Guinea,GIN,2029,16070672.26498227
Guinea,GIN,2030,16321374.752315994
Guinea,GIN,2031,16562931.09865027
Guinea,GIN,2032,16794812.134031374
Guinea,GIN,2033,17016503.654200587
Guinea-Bissau,GNB,2024,2189251.9764
Guinea-Bissau,GNB,2025,2224280.0080224
Guinea-Bissau,GNB,2026,2258311.492145143
Guinea-Bissau,GNB,2027,2291282.8399304617
Guinea-Bissau,GNB,2028,2323131.671405495
Guinea-Bissau,GNB,2029,2353797.0094680474
Guinea-Bissau,GNB,2030,2383219.472086398
Guinea-Bissau,GNB,2031,2411341.4618570176
Guinea-Bissau,GNB,2032,2438107.3520836304
Guinea-Bissau,GNB,2033,2463463.6685453
Guyana,GUY,2024,828623.668
Guyana,GUY,2025,830695.2271699999
Guyana,GUY,2026,832522.7566697738
Guyana,GUY,2027,834104.5499074464
Guyana,GUY,2028,835439.1171872984
Guyana,GUY,2029,836525.188039642
Guyana,GUY,2030,837361.7132276817
Guyana,GUY,2031,837947.866426941
Guyana,GUY,2032,838283.0455735117
Guyana,GUY,2033,838366.8738780691
Haiti,HTI,2024,11697866.230400002
Haiti,HTI,2025,11754015.98830592
Haiti,HTI,2026,11805733.658654466
Haiti,HTI,2027,11852956.593289085
Haiti,HTI,2028,11895627.237024926
Haiti,HTI,2029,11933693.244183406
Haiti,HTI,2030,11967107.58526712
Haiti,HTI,2031,11995828.643471759
Haiti,HTI,2032,12019820.300758703
Haiti,HTI,2033,12039052.013239916
Honduras,HND,2024,10685252.2476
Honduras,HND,2025,10723719.155691361
Honduras,HND,2026,10760179.800820712
Honduras,HND,2027,10794612.376183338
Honduras,HND,2028,10826996.213311886
Honduras,HND,2029,10857311.802709159
Honduras,HND,2030,10885540.813396202
Honduras,HND,2031,10911666.111348353
Honduras,HND,2032,10935671.77679332
Honduras,HND,2033,10957543.120346906
Hong Kong,HKG,2024,7340721.2018
Hong Kong,HKG,2025,7240887.393455519
Hong Kong,HKG,2026,7143135.4136438705
Hong Kong,HKG,2027,7047417.399101043
Hong Kong,HKG,2028,6953686.747692999
Hong Kong,HKG,2029,6861898.082623452
Hong Kong,HKG,2030,6772007.217741084
Hong Kong,HKG,2031,6683971.12391045
Hong Kong,HKG,2032,6597747.896412006
Hong Kong,HKG,2033,6513296.723337932
Hungary,HUN,2024,9621518.9994
Hungary,HUN,2025,9551281.91070438
Hungary,HUN,2026,9475826.783609815
Hungary,HUN,2027,9395282.255949132
Hungary,HUN,2028,9309785.187419996
Hungary,HUN,2029,9219480.27110202
Hungary,HUN,2030,9124519.62430967
Hungary,HUN,2031,9025062.360404694
Hungary,HUN,2032,8921274.143260041
Hungary,HUN,2033,8813326.726126594
Iceland,ISL,2024,385158.1158
Iceland,ISL,2025,382616.07223572
Iceland,ISL,2026,379899.4981228464
Iceland,ISL,2027,377012.2619371128
Iceland,ISL,2028,373958.46261542215
Iceland,ISL,2029,370742.4198369295
Iceland,ISL,2030,367368.66381641343
Iceland,ISL,2031,363841.92464377586
Iceland,ISL,2032,360167.1212048737
Iceland,ISL,2033,356349.34972010204
India,IND,2024,1436200049.598
India,IND,2025,1434189369.528563
India,IND,2026,1432038085.47427
India,IND,2027,1429746824.537511
India,IND,2028,1427316254.9357972
India,IND,2029,1424747085.6769128
India,IND,2030,1422040066.2141266
India,IND,2031,1419195986.0816984
India,IND,2032,1416215674.510927
India,IND,2033,1413100000.027003
Indonesia,IDN,2024,281218140.0021
Indonesia,IDN,2025,281190018.1880998
Indonesia,IDN,2026,281105661.18264335
Indonesia,IDN,2027,280965108.35205203
Indonesia,IDN,2028,280768432.7762056
Indonesia,IDN,2029,280515741.186707
Indonesia,IDN,2030,280207173.87140167
Indonesia,IDN,2031,279842904.54536885
Indonesia,IDN,2032,279423140.1885508
Indonesia,IDN,2033,278948120.8502302
Iran,IRN,2024,90246228.348
Iran,IRN,2025,89885243.434608
Iran,IRN,2026,89525702.46086957
Iran,IRN,2027,89167599.65102609
Iran,IRN,2028,88810929.25242198
Iran,IRN,2029,88455685.53541228
Iran,IRN,2030,88101862.79327063
Iran,IRN,2031,87749455.34209755
Iran,IRN,2032,87398457.52072915
Iran,IRN,2033,87048863.69064623
Iraq,IRQ,2024,45574331.51099999
Iraq,IRQ,2025,46061976.85816769
Iraq,IRQ,2026,46536415.21980682
Iraq,IRQ,2027,46997125.730482906
Iraq,IRQ,2028,47443598.424922496
Iraq,IRQ,2029,47875335.1705893
Iraq,IRQ,2030,48291850.58657342
Iraq,IRQ,2031,48692672.94644198
Iraq,IRQ,2032,49077345.06271887
Iraq,IRQ,2033,49445425.15068926
Ireland,IRL,2024,5171122.7286
Ireland,IRL,2025,5146301.33950272
Ireland,IRL,2026,5122113.723207057
Ireland,IRL,2027,5098552.000080305
Ireland,IRL,2028,5075608.516079944
Ireland,IRL,2029,5053275.8386091925
Ireland,IRL,2030,5031546.752503173
Ireland,IRL,2031,5010414.25614266
Ireland,IRL,2032,4989871.557692476
Ireland,IRL,2033,4969912.0714617055
Israel,ISR,2024,9313649.8182
Israel,ISR,2025,9361149.43227282
Israel,ISR,2026,9398594.03000191
Israel,ISR,2027,9425849.952688916
Israel,ISR,2028,9442816.482603757
Israel,ISR,2029,9449426.454141578
Israel,ISR,2030,9445646.68355992
Israel,ISR,2031,9431478.21353458
Israel,ISR,2032,9406956.37017939
Israel,ISR,2033,9372150.631609727
Italy,ITA,2024,58940113.5648
Italy,ITA,2025,58362500.45186496
Italy,ITA,2026,57767202.94725594
Italy,ITA,2027,57154870.59601502
Italy,ITA,2028,56526167.01945885
Italy,ITA,2029,55881768.715437025
Italy,ITA,2030,55222363.844594866
Italy,ITA,2031,54548651.005690806
Italy,ITA,2032,53861338.0030191
Italy,ITA,2033,53161140.60897985
Jamaica,JAM,2024,2818431.0325
Jamaica,JAM,2025,2797010.956653
Jamaica,JAM,2026,2775473.9722867715
Jamaica,JAM,2027,2753825.2753029345
Jamaica,JAM,2028,2732070.0556280413
Jamaica,JAM,2029,2710213.495183017
Jamaica,JAM,2030,2688260.7658720347
Jamaica,JAM,2031,2666217.027591884
Jamaica,JAM,2032,2644087.4262628714
Jamaica,JAM,2033,2621877.0918822633
Japan,JPN,2024,123201806.6058
Japan,JPN,2025,121982108.72040258
Japan,JPN,2026,120713494.7897104
Japan,JPN,2027,119397717.69650255
Japan,JPN,2028,118036583.71476242
Japan,JPN,2029,116631948.36855674
Japan,JPN,2030,115185712.20878664
Japan,JPN,2031,113699816.52129328
Japan,JPN,2032,112176238.97990796
Japan,JPN,2033,110616989.25808723
Jordan,JOR,2024,11496366.854999999
Jordan,JOR,2025,11549250.142532999
Jordan,JOR,2026,11597756.993131638
Jordan,JOR,2027,11641828.469705539
Jordan,JOR,2028,11681410.686502539
Jordan,JOR,2029,11716454.918562045
Jordan,JOR,2030,11746917.701350305
Jordan,JOR,2031,11772760.920293275
Jordan,JOR,2032,11793951.889949804
Jordan,JOR,2033,11810463.422595734
Kazakhstan,KAZ,2024,20506934.5481
Kazakhstan,KAZ,2025,20677142.104849227
Kazakhstan,KAZ,2026,20840491.527477536
Kazakhstan,KAZ,2027,20996795.21393362
Kazakhstan,KAZ,2028,21145872.45995255
Kazakhstan,KAZ,2029,21287549.805434227
Kazakhstan,KAZ,2030,21421661.369208463
Kazakhstan,KAZ,2031,21548049.17128679
Kazakhstan,KAZ,2032,21666563.44172887
Kazakhstan,KAZ,2033,21777062.91528169
Kenya,KEN,2024,55925545.9018
Kenya,KEN,2025,56490393.91540818
Kenya,KEN,2026,57032701.6969961
Kenya,KEN,2027,57551699.28243877
Kenya,KEN,2028,58046643.89626774
Kenya,KEN,2029,58516821.71182751
Kenya,KEN,2030,58961549.5568374
Kenya,KEN,2031,59380176.55869096
Kenya,KEN,2032,59772085.72397831
Kenya,KEN,2033,60136695.44689458
Kiribati,KIR,2024,133845.4388
Kiribati,KIR,2025,135170.50864412
Kiribati,KIR,2026,136468.14552710357
Kiribati,KIR,2027,137737.29928050563
Kiribati,KIR,2028,138976.93497403015
Kiribati,KIR,2029,140186.0343083042
Kiribati,KIR,2030,141363.59699649396
Kiribati,KIR,2031,142508.64213216555
Kiribati,KIR,2032,143620.20954079644
Kiribati,KIR,2033,144697.36111235243
Kuwait,KWT,2024,4810175.5284
Kuwait,KWT,2025,4780833.45767676
Kuwait,KWT,2026,4750714.206893397
Kuwait,KWT,2027,4719834.564548589
Kuwait,KWT,2028,4688211.672966113
Kuwait,KWT,2029,4655863.012422647
Kuwait,KWT,2030,4622806.385034447
Kuwait,KWT,2031,4589059.898423695
Kuwait,KWT,2032,4554641.949185518
Kuwait,KWT,2033,4519571.206176789
Kyrgyzstan,KGZ,2024,7122282.9843999995
Kyrgyzstan,KGZ,2025,7170714.508693919
Kyrgyzstan,KGZ,2026,7218758.295902167
Kyrgyzstan,KGZ,2027,7266402.100655122
Kyrgyzstan,KGZ,2028,7313633.714309379
Kyrgyzstan,KGZ,2029,7360440.97008096
Kyrgyzstan,KGZ,2030,7406811.74819247
Kyrgyzstan,KGZ,2031,7452733.981031262
Kyrgyzstan,KGZ,2032,7498195.658315553
Kyrgyzstan,KGZ,2033,7543184.832265447
Laos,LAO,2024,7686416.873999999
Laos,LAO,2025,7704864.274497598
Laos,LAO,2026,7720274.003046594
Laos,LAO,2027,7732626.4414514685
Laos,LAO,2028,7741905.593181211
Laos,LAO,2029,7748099.117655755
Laos,LAO,2030,7751198.357302817
Laos,LAO,2031,7751198.357302817
Laos,LAO,2032,7748097.877959896
Laos,LAO,2033,7741899.399657528
Latvia,LVA,2024,1865583.2096
Latvia,LVA,2025,1846554.26086208
Latvia,LVA,2026,1825318.886862166
Latvia,LVA,2027,1801954.8051103302
Latvia,LVA,2028,1776547.2423582745
Latvia,LVA,2029,1749188.414825957
Latvia,LVA,2030,1719976.9682983637
Latvia,LVA,2031,1689017.382868993
Latvia,LVA,2032,1656419.3473796216
Latvia,LVA,2033,1622297.1088236014
Lebanon,LBN,2024,5780374.1352
Lebanon,LBN,2025,5786154.509335201
Lebanon,LBN,2026,5790783.432942669
Lebanon,LBN,2027,5794257.903002434
Lebanon,LBN,2028,5796575.606163635
Lebanon,LBN,2029,5797734.921284867
Lebanon,LBN,2030,5797734.921284867
Lebanon,LBN,2031,5796575.37430061
Lebanon,LBN,2032,5794256.74415089
Lebanon,LBN,2033,5790780.1901044
Lesotho,LSO,2024,2324373.0024
Lesotho,LSO,2025,2336692.1793127204
Lesotho,LSO,2026,2348375.6402092837
Lesotho,LSO,2027,2359413.005718267
Lesotho,LSO,2028,2369794.422943427
Lesotho,LSO,2029,2379510.5800774954
Lesotho,LSO,2030,2388552.72028179
Lesotho,LSO,2031,2396912.6548027764
Lesotho,LSO,2032,2404582.775298145
Lesotho,LSO,2033,2411556.0653465097
Liberia,LBR,2024,5590756.0618
Liberia,LBR,2025,5686357.990456781
Liberia,LBR,2026,5779614.261500272
Liberia,LBR,2027,5870354.205405827
Liberia,LBR,2028,5958409.518486915
Liberia,LBR,2029,6043614.774601278
Liberia,LBR,2030,6125807.935535856
Liberia,LBR,2031,6204830.857904269
Liberia,LBR,2032,6280529.794370702
Liberia,LBR,2033,6352755.887005965
Libya,LBY,2024,7321683.3442
Libya,LBY,2025,7334862.37421956
Libya,LBY,2026,7345131.181543468
Libya,LBY,2027,7352476.31272501
Libya,LBY,2028,7356887.798512645
Libya,LBY,2029,7358359.176072347
Libya,LBY,2030,7356887.504237133
Libya,LBY,2031,7352473.37173459
Libya,LBY,2032,7345120.898362855
Libya,LBY,2033,7334837.7291051475
Liechtenstein,LIE,2024,39356.343
Liechtenstein,LIE,2025,39143.8187478
Liechtenstein,LIE,2026,38936.356508436664
Liechtenstein,LIE,2027,38733.88745459279
Liechtenstein,LIE,2028,38536.34462857437
Liechtenstein,LIE,2029,38343.6629054315
Liechtenstein,LIE,2030,38155.77895719488
Liechtenstein,LIE,2031,37972.631218200346
Liechtenstein,LIE,2032,37794.159851474804
Liechtenstein,LIE,2033,37620.30671615802
Lithuania,LTU,2024,2826376.6083
Lithuania,LTU,2025,2796982.29157368
Lithuania,LTU,2026,2765935.788137212
Lithuania,LTU,2027,2733297.7458371925
Lithuania,LTU,2028,2699131.5240142276
Lithuania,LTU,2029,2663502.9878972396
Lithuania,LTU,2030,2626480.296365468
Lithuania,LTU,2031,2588133.684038532
Lithuania,LTU,2032,2548535.2386727426
Lithuania,LTU,2033,2507758.6748539787
Luxembourg,LUX,2024,660469.0998
Luxembourg,LUX,2025,655977.90992136
Luxembourg,LUX,2026,651582.8579248869
Luxembourg,LUX,2027,647282.4110625826
Luxembourg,LUX,2028,643075.0753906759
Luxembourg,LUX,2029,638959.3949081756
Luxembourg,LUX,2030,634933.9507202541
Luxembourg,LUX,2031,630997.3602257886
Luxembourg,LUX,2032,627148.2763284112
Luxembourg,LUX,2033,623385.3866704407
Madagascar,MDG,2024,31757410.93
Madagascar,MDG,2025,32306814.139089003
Madagascar,MDG,2026,32843107.253797878
Madagascar,MDG,2027,33365312.659133263
Madagascar,MDG,2028,33872465.411552094
Madagascar,MDG,2029,34363616.1600196
Madagascar,MDG,2030,34837834.06302787
Madagascar,MDG,2031,35294209.68925355
Madagascar,MDG,2032,35731857.88940029
Madagascar,MDG,2033,36149920.62670627
Malawi,MWI,2024,21416771.5048
Malawi,MWI,2025,21718747.98301768
Malawi,MWI,2026,22009779.205990117
Malawi,MWI,2027,22289303.40190619
Malawi,MWI,2028,22556775.042729065
Malawi,MWI,2029,22811666.600711904
Malawi,MWI,2030,23053470.26667945
Malawi,MWI,2031,23281699.62231958
Malawi,MWI,2032,23495891.258844916
Malawi,MWI,2033,23695606.3345451
Malaysia,MYS,2024,34933054.6305
Malaysia,MYS,2025,34740922.83003225
Malaysia,MYS,2026,34549847.75446708
Malaysia,MYS,2027,34359823.59181751
Malaysia,MYS,2028,34170844.56206252
Malaysia,MYS,2029,33982904.91697118
Malaysia,MYS,2030,33795998.93992784
Malaysia,MYS,2031,33610120.94575824
Malaysia,MYS,2032,33425265.28055657
Malaysia,MYS,2033,33241426.32151351
Maldives,MDV,2024,523220.034
Maldives,MDV,2025,520499.2898232
Maldives,MDV,2026,517792.6935161193
Maldives,MDV,2027,515100.1715098355
Maldives,MDV,2028,512421.65061798436
Maldives,MDV,2029,509757.05803477083
Maldives,MDV,2030,507106.32133299
Maldives,MDV,2031,504469.3684620585
Maldives,MDV,2032,501846.1277460558
Maldives,MDV,2033,499236.5278817763
Mali,MLI,2024,24584360.4783
Mali,MLI,2025,25407936.554323055
Mali,MLI,2026,26238776.07964942
Mali,MLI,2027,27075793.036590237
Mali,MLI,2028,27917850.200028192
Mali,MLI,2029,28763761.061089046
Mali,MLI,2030,29612292.012391176
Mali,MLI,2031,30462164.7931468
Mali,MLI,2032,31312059.190875597
Mali,MLI,2033,32160615.994948324
Malta,MLT,2024,527591.79
Malta,MLT,2025,522315.87210000004
Malta,MLT,2026,517092.713379
Malta,MLT,2027,511921.78624521004
Malta,MLT,2028,506802.56838275795
Malta,MLT,2029,501734.54269893037
Malta,MLT,2030,496717.19727194106
Malta,MLT,2031,491750.0252992216
Malta,MLT,2032,486832.5250462294
Malta,MLT,2033,481964.19979576714
Marshall Islands,MHL,2024,39113.424
Marshall Islands,MHL,2025,39418.5087072
Marshall Islands,MHL,2026,39718.08937337472
Marshall Islands,MHL,2027,40012.0032347377
Marshall Islands,MHL,2028,40300.08965802781
Marshall Islands,MHL,2029,40582.190285634
Marshall Islands,MHL,2030,40858.14917957631
Marshall Islands,MHL,2031,41127.81296416151
Marshall Islands,MHL,2032,41391.03096713214
Marshall Islands,MHL,2033,41647.65535912836
Mauritania,MRT,2024,5149463.6441
Mauritania,MRT,2025,5276140.44974486
Mauritania,MRT,2026,5402240.206493762
Mauritania,MRT,2027,5527572.179284418
Mauritania,MRT,2028,5651942.553318317
Mauritania,MRT,2029,5775154.900980657
Mauritania,MRT,2030,5897010.66939135
Mauritania,MRT,2031,6017309.687046933
Mauritania,MRT,2032,6135850.6878817575
Mauritania,MRT,2033,6252431.850951511
Mauritius,MUS,2024,1262208.4673
Mauritius,MUS,2025,1250596.1494008398
Mauritius,MUS,2026,1238715.485981532
Mauritius,MUS,2027,1226576.0742189127
Mauritius,MUS,2028,1214187.6558693016
Mauritius,MUS,2029,1201560.1042482608
Mauritius,MUS,2030,1188703.4111328044
Mauritius,MUS,2031,1175627.6736103436
Mauritius,MUS,2032,1162343.0808985468
Mauritius,MUS,2033,1148859.9011601235
Mexico,MEX,2024,129454285.6314
Mexico,MEX,2025,129130649.91732152
Mexico,MEX,2026,128769084.09755301
Mexico,MEX,2027,128369899.9368506
Mexico,MEX,2028,127933442.27706532
Mexico,MEX,2029,127460088.54064018
Mexico,MEX,2030,126950248.18647762
Mexico,MEX,2031,126404362.11927576
Mexico,MEX,2032,125822902.05352709
Mexico,MEX,2033,125206369.8334648
Micronesia (country),FSM,2024,113288.8722
Micronesia (country),FSM,2025,113934.61877154
Micronesia (country),FSM,2026,114538.47225102918
Micronesia (country),FSM,2027,115099.71076505921
Micronesia (country),FSM,2028,115617.65946350197
Micronesia (country),FSM,2029,116091.69186730233
Micronesia (country),FSM,2030,116521.23112721136
Micronesia (country),FSM,2031,116905.75118993116
Micronesia (country),FSM,2032,117244.77786838195
Micronesia (country),FSM,2033,117537.8898130529
Moldova,MDA,2024,3056895.8439
Moldova,MDA,2025,3048030.84595269
Moldova,MDA,2026,3040410.7688378086
Moldova,MDA,2027,3034025.906223249
Moldova,MDA,2028,3028868.0621826695
Moldova,MDA,2029,3024930.533701832
Moldova,MDA,2030,3022208.0962215
Moldova,MDA,2031,3020696.9921733895
Moldova,MDA,2032,3020394.9224741724
Moldova,MDA,2033,3021301.0409509144
Monaco,MCO,2024,38932.8929
Monaco,MCO,2025,38936.78618929
Monaco,MCO,2026,38940.679867908926
Monaco,MCO,2027,38944.573935895714
Monaco,MCO,2028,38948.4683932893
Monaco,MCO,2029,38952.36324012863
Monaco,MCO,2030,38956.25847645264
Monaco,MCO,2031,38960.15410230029
Monaco,MCO,2032,38964.05011771052
Monaco,MCO,2033,38967.94652272229
Mongolia,MNG,2024,3450076.0011000005
Mongolia,MNG,2025,3466291.35830517
Mongolia,MNG,2026,3480503.1528742216
Mongolia,MNG,2027,3492684.9139092816
Mongolia,MNG,2028,3502813.700159618
Mongolia,MNG,2029,3510870.171669985
Mongolia,MNG,2030,3516838.650961824
Mongolia,MNG,2031,3520707.1734778825
Mongolia,MNG,2032,3522467.5270646214
Mongolia,MNG,2033,3522115.280311915
Montenegro,MNE,2024,631095.6886
Montenegro,MNE,2025,628192.64843244
Montenegro,MNE,2026,624800.4081309049
Montenegro,MNE,2027,620926.6456004933
Montenegro,MNE,2028,616580.1590812899
Montenegro,MNE,2029,611770.8338404559
Montenegro,MNE,2030,606509.604669428
Montenegro,MNE,2031,600808.4143855354
Montenegro,MNE,2032,594680.1685588029
Montenegro,MNE,2033,588138.6867046561
Morocco,MAR,2024,37750175.463
Morocco,MAR,2025,37776600.585824095
Morocco,MAR,2026,37791711.22605842
Morocco,MAR,2027,37795490.39718103
Morocco,MAR,2028,37787931.29910159
Morocco,MAR,2029,37769037.333452046
Morocco,MAR,2030,37738822.10358528
Morocco,MAR,2031,37697309.39927134
Morocco,MAR,2032,37644533.16611236
Morocco,MAR,2033,37580537.45972997
Mozambique,MOZ,2024,34502905.0702
Mozambique,MOZ,2025,35365477.696955
Mozambique,MOZ,2026,36221322.25722131
Mozambique,MOZ,2027,37068901.19804029
Mozambique,MOZ,2028,37906658.365116
Mozambique,MOZ,2029,38733023.51747553
Mozambique,MOZ,2030,39546417.01134251
Mozambique,MOZ,2031,40345254.634971626
Mozambique,MOZ,2032,41127952.57489008
Mozambique,MOZ,2033,41892932.49278303
Myanmar,MMR,2024,54139154.3741
Myanmar,MMR,2025,54139154.3741
Myanmar,MMR,2026,54133740.45866259
Myanmar,MMR,2027,54122913.71057086
Myanmar,MMR,2028,54106676.836457685
Myanmar,MMR,2029,54085034.1657231
Myanmar,MMR,2030,54057991.648640245
Myanmar,MMR,2031,54025556.85365106
Myanmar,MMR,2032,53987738.9638535
Myanmar,MMR,2033,53944548.77268241
Namibia,NAM,2024,2994752.6136
Namibia,NAM,2025,3025598.56552008
Namibia,NAM,2026,3055551.991318729
Namibia,NAM,2027,3084579.735236257
Namibia,NAM,2028,3112649.410826907
Namibia,NAM,2029,3139729.460701101
Namibia,NAM,2030,3165789.21522492
Namibia,NAM,2031,3190798.9500251967
Namibia,NAM,2032,3214729.942150386
Namibia,NAM,2033,3237554.5247396533
Nauru,NRU,2024,11989.83
Nauru,NRU,2025,12125.315079000002
Nauru,NRU,2026,12256.268481853202
Nauru,NRU,2027,12382.50804721629
Nauru,NRU,2028,12503.85662607901
Nauru,NRU,2029,12620.142492701547
Nauru,NRU,2030,12731.19974663732
Nauru,NRU,2031,12836.868704534409
Nauru,NRU,2032,12936.996280429777
Nauru,NRU,2033,13031.436353276917
Nepal,NPL,2024,29652995.6048
Nepal,NPL,2025,29605550.81183232
Nepal,NPL,2026,29552260.82037102
Nepal,NPL,2027,29493156.29873028
Nepal,NPL,2028,29428271.354873076
Nepal,NPL,2029,29357643.50362138
Nepal,NPL,2030,29281313.630511966
Nepal,NPL,2031,29199325.95234653
Nepal,NPL,2032,29111727.97448949
Nepal,NPL,2033,29018570.444971126
Netherlands,NLD,2024,17956779.4525
Netherlands,NLD,2025,17807738.18304425
Netherlands,NLD,2026,17645687.76557855
Netherlands,NLD,2027,17470995.456699323
Netherlands,NLD,2028,17284055.80531264
Netherlands,NLD,2029,17085289.163551547
Netherlands,NLD,2030,16875140.10683986
Netherlands,NLD,2031,16654075.77144026
Netherlands,NLD,2032,16422584.118217241
Netherlands,NLD,2033,16181172.131679447
New Zealand,NZL,2024,5150547.9987
New Zealand,NZL,2025,5128400.64230559
New Zealand,NZL,2026,5106348.519543677
New Zealand,NZL,2027,5084391.220909639
New Zealand,NZL,2028,5062528.338659728
New Zealand,NZL,2029,5040759.466803491
New Zealand,NZL,2030,5019084.201096237
New Zealand,NZL,2031,4997502.139031523
New Zealand,NZL,2032,4976012.879833687
New Zealand,NZL,2033,4954616.024450403
Nicaragua,NIC,2024,6830392.568999999
Nicaragua,NIC,2025,6835856.883055199
Nicaragua,NIC,2026,6839958.397185031
Nicaragua,NIC,2027,6842694.380543905
Nicaragua,NIC,2028,6844062.919420014
Nicaragua,NIC,2029,6844062.919420014
Nicaragua,NIC,2030,6842694.10683613
Nicaragua,NIC,2031,6839957.029193396
Nicaragua,NIC,2032,6835853.054975879
Nicaragua,NIC,2033,6830384.372531898
Niger,NER,2024,27174817.8996
Niger,NER,2025,28207460.9797848
Niger,NER,2026,29256778.528232794
Niger,NER,2027,30321725.266660467
Niger,NER,2028,31401178.686153583
Niger,NER,2029,32493939.704431728
Niger,NER,2030,33598733.65438241
Niger,NER,2031,34714211.6117079
Niger,NER,2032,35838952.06792724
Niger,NER,2033,36971462.95327374
Nigeria,NGA,2024,233146993.9669
Nigeria,NGA,2025,238369486.63175854
Nigeria,NGA,2026,243542104.49166772
Nigeria,NGA,2027,248656488.68599278
Nigeria,NGA,2028,253704215.40631843
Nigeria,NGA,2029,258676818.02828228
Nigeria,NGA,2030,263565809.88901687
Nigeria,NGA,2031,268362707.62899697
Nigeria,NGA,2032,273059055.01250446
Nigeria,NGA,2033,277646447.1367146
North Korea,PRK,2024,26328324.303600002
North Korea,PRK,2025,26233542.33610704
North Korea,PRK,2026,26133854.875229836
North Korea,PRK,2027,26029319.455728915
North Korea,PRK,2028,25919996.314014852
North Korea,PRK,2029,25805948.330233186
North Korea,PRK,2030,25687240.967914112
North Korea,PRK,2031,25563942.211268123
North Korea,PRK,2032,25436122.500211783
North Korea,PRK,2033,25303854.663210683
North Macedonia,MKD,2024,1818010.8825
North Macedonia,MKD,2025,1802194.18782225
North Macedonia,MKD,2026,1784352.4653628096
North Macedonia,MKD,2027,1764546.1529972823
North Macedonia,MKD,2028,1742842.2353154158
North Macedonia,MKD,2029,1719313.8651386576
North Macedonia,MKD,2030,1694039.9513211192
North Macedonia,MKD,2031,1667104.7160951134
North Macedonia,MKD,2032,1638597.2254498869
North Macedonia,MKD,2033,1608610.896224154
Norway,NOR,2024,5480489.1389999995
Norway,NOR,2025,5441577.666113099
Norway,NOR,2026,5402398.306917085
Norway,NOR,2027,5362960.79927659
Norway,NOR,2028,5323274.889361944
Norway,NOR,2029,5283350.32769173
Norway,NOR,2030,5243196.865201273
Norway,NOR,2031,5202824.249339223
Norway,NOR,2032,5162242.220194377
Norway,NOR,2033,5121460.506654841
Oman,OMN,2024,5074964.991400001
Oman,OMN,2025,5104907.284849261
Oman,OMN,2026,5139110.163657751
Oman,OMN,2027,5177653.489885184
Oman,OMN,2028,5220628.013851231
Oman,OMN,2029,5268135.728777276
Oman,OMN,2030,5320290.272492171
Oman,OMN,2031,5377217.378407837
Oman,OMN,2032,5439055.3782595275
Oman,OMN,2033,5505955.759412119
Pakistan,PAK,2024,251118023.08679998
Pakistan,PAK,2025,254658787.21232384
Pakistan,PAK,2026,258122146.71841148
Pakistan,PAK,2027,261503546.84042263
Pakistan,PAK,2028,264798491.53061193
Pakistan,PAK,2029,268002553.27813235
Pakistan,PAK,2030,271111382.8961587
Pakistan,PAK,2031,274120719.246306
Pakistan,PAK,2032,277026398.8703168
Pakistan,PAK,2033,279824365.498907
Palau,PLW,2024,17669.8153
Palau,PLW,2025,17629.17472481
Palau,PLW,2026,17585.101787997977
Palau,PLW,2027,17537.62201317038
Palau,PLW,2028,17486.76290933219
Palau,PLW,2029,17432.55394431326
Palau,PLW,2030,17375.026516297025
Palau,PLW,2031,17314.213923489984
Palau,PLW,2032,17250.15133197307
Palau,PLW,2033,17182.875741778375
Palestine,PSE,2024,5470817.3442
Palestine,PSE,2025,5529355.08978294
Palestine,PSE,2026,5584648.640680769
Palestine,PSE,2027,5636585.873039101
Palestine,PSE,2028,5685060.511547238
Palestine,PSE,2029,5729972.489588461
Palestine,PSE,2030,5771228.291513498
Palestine,PSE,2031,5808741.275408335
Palestine,PSE,2032,5842431.974805703
Palestine,PSE,2033,5872228.377877213
Panama,PAN,2024,4458719.0
Panama,PAN,2025,4457827.2562
Panama,PAN,2026,4456044.12529752
Panama,PAN,2027,4453370.498822342
Panama,PAN,2028,4449807.802423283
Panama,PAN,2029,4445357.994620861
Panama,PAN,2030,4440023.565027315
Panama,PAN,2031,4433807.532036277
Panama,PAN,2032,4426713.439985019
Panama,PAN,2033,4418745.355793046
Papua New Guinea,PNG,2024,10486212.177700002
Papua New Guinea,PNG,2025,10576393.60242822
Papua New Guinea,PNG,2026,10659947.111887403
Papua New Guinea,PNG,2027,10736698.731092993
Papua New Guinea,PNG,2028,10806487.272845097
Papua New Guinea,PNG,2029,10869164.899027599
Papua New Guinea,PNG,2030,10924597.64001264
Papua New Guinea,PNG,2031,10972665.869628696
Papua New Guinea,PNG,2032,11013264.733346323
Papua New Guinea,PNG,2033,11046304.527546363
Paraguay,PRY,2024,6864633.302999999
Paraguay,PRY,2025,6883854.276248399
Paraguay,PRY,2026,6901752.297366644
Paraguay,PRY,2027,6918316.502880324
Paraguay,PRY,2028,6933536.79918666
Paraguay,PRY,2029,6947403.872785034
Paraguay,PRY,2030,6959909.199756047
Paraguay,PRY,2031,6971045.054475657
Paraguay,PRY,2032,6980804.517551923
Paraguay,PRY,2033,6989181.482972986
Peru,PER,2024,33798181.209
Peru,PER,2025,33744104.1190656
Peru,PER,2026,33683364.73165128
Peru,PER,2027,33615998.002187975
Peru,PER,2028,33542042.806583162
Peru,PER,2029,33461541.903847363
Peru,PER,2030,33374541.894897357
Peru,PER,2031,33281093.177591644
Peru,PER,2032,33181249.89805887
Peru,PER,2033,33075069.89838508
Philippines,PHL,2024,114672858.8112
Philippines,PHL,2025,114443513.0935776
Philippines,PHL,2026,114203181.71608108
Philippines,PHL,2027,113951934.7163057
Philippines,PHL,2028,113689845.2664582
Philippines,PHL,2029,113416989.63781871
Philippines,PHL,2030,113133447.16372417
Philippines,PHL,2031,112839300.20109849
Philippines,PHL,2032,112534634.09055552
Philippines,PHL,2033,112219537.11510196
Poland,POL,2024,38468198.7504
Poland,POL,2025,38191227.71939712
Poland,POL,2026,37931527.37090522
Poland,POL,2027,37688765.59573143
Poland,POL,2028,37462633.00215704
Poland,POL,2029,37252842.25734496
Poland,POL,2030,37059127.477606766
Poland,POL,2031,36881243.66571425
Poland,POL,2032,36718966.193585105
Poland,POL,2033,36572090.32881077
Portugal,PRT,2024,10375397.396
Portugal,PRT,2025,10326633.0282388
Portugal,PRT,2026,10284293.832823021
Portugal,PRT,2027,10248298.80440814
Portugal,PRT,2028,10218578.737875357
Portugal,PRT,2029,10195076.006778244
Portugal,PRT,2030,10177744.377566721
Portugal,PRT,2031,10166548.858751398
Portugal,PRT,2032,10161465.584322022
Portugal,PRT,2033,10162481.730880454
Qatar,QAT,2024,2967717.6555999997
Qatar,QAT,2025,2956143.55674316
Qatar,QAT,2026,2944318.9825161872
Qatar,QAT,2027,2932247.274687871
Qatar,QAT,2028,2919931.836134182
Qatar,QAT,2029,2907376.129238805
Qatar,QAT,2030,2894583.674270154
Qatar,QAT,2031,2881558.0477359383
Qatar,QAT,2032,2868302.8807163527
Qatar,QAT,2033,2854821.8571769856
Romania,ROU,2024,19041959.268
Romania,ROU,2025,18963887.2350012
Romania,ROU,2026,18884238.908614196
Romania,ROU,2027,18803036.681307156
Romania,ROU,2028,18720303.319909405
Romania,ROU,2029,18636061.954969812
Romania,ROU,2030,18550336.069976952
Romania,ROU,2031,18463149.49044806
Romania,ROU,2032,18374526.37289391
Romania,ROU,2033,18284491.19366673
Russia,RUS,2024,144495091.049
Russia,RUS,2025,143555872.9571815
Russia,RUS,2026,142622759.78295985
Russia,RUS,2027,141695711.8443706
Russia,RUS,2028,140774689.7173822
Russia,RUS,2029,139859654.23421922
Russia,RUS,2030,138950566.4816968
Russia,RUS,2031,138047387.7995658
Russia,RUS,2032,137150079.77886862
Russia,RUS,2033,136258604.26030597
Rwanda,RWA,2024,14166536.3208
Rwanda,RWA,2025,14370534.443819521
Rwanda,RWA,2026,14565973.712255467
Rwanda,RWA,2027,14752418.175772335
Rwanda,RWA,2028,14929447.193881603
Rwanda,RWA,2029,15096657.002453078
Rwanda,RWA,2030,15253662.23527859
Rwanda,RWA,2031,15400097.392737266
Rwanda,RWA,2032,15535618.249793356
Rwanda,RWA,2033,15659903.195791703
Saint Kitts and Nevis,KNA,2024,46467.2163
Saint Kitts and Nevis,KNA,2025,46193.059723829996
Saint Kitts and Nevis,KNA,2026,45920.520671459395
Saint Kitts and Nevis,KNA,2027,45649.589599497784
Saint Kitts and Nevis,KNA,2028,45380.25702086074
Saint Kitts and Nevis,KNA,2029,45112.513504437666
Saint Kitts and Nevis,KNA,2030,44846.349674761484
Saint Kitts and Nevis,KNA,2031,44581.75621168039
Saint Kitts and Nevis,KNA,2032,44318.72385003147
Saint Kitts and Nevis,KNA,2033,44057.243379316285
Saint Lucia,LCA,2024,177932.5407
Saint Lucia,LCA,2025,176615.83989882
Saint Lucia,LCA,2026,175291.22109957886
Saint Lucia,LCA,2027,173959.00781922205
Saint Lucia,LCA,2028,172619.52345901405
Saint Lucia,LCA,2029,171273.09117603372
Saint Lucia,LCA,2030,169920.03375574306
Saint Lucia,LCA,2031,168560.6734856971
Saint Lucia,LCA,2032,167195.33203046295
Saint Lucia,LCA,2033,165824.33030781316
Saint Vincent and the Grenadines,VCT,2024,100951.7562
Saint Vincent and the Grenadines,VCT,2025,100608.52022892001
Saint Vincent and the Grenadines,VCT,2026,100256.3904081188
Saint Vincent and the Grenadines,VCT,2027,99895.46740264956
Saint Vincent and the Grenadines,VCT,2028,99525.85417325975
Saint Vincent and the Grenadines,VCT,2029,99147.65592740136
Saint Vincent and the Grenadines,VCT,2030,98760.98006928449
Saint Vincent and the Grenadines,VCT,2031,98365.93614900735
Saint Vincent and the Grenadines,VCT,2032,97962.63581079642
Saint Vincent and the Grenadines,VCT,2033,97551.19274039108
Samoa,WSM,2024,220269.384
Samoa,WSM,2025,223859.77495919997
Samoa,WSM,2026,227396.75940355533
Samoa,WSM,2027,230875.92982242975
Samoa,WSM,2028,234292.8935838017
Samoa,WSM,2029,237643.28196205004
Samoa,WSM,2030,240922.75925312634
Samoa,WSM,2031,244127.03195119294
Samoa,WSM,2032,247251.85796016818
Samoa,WSM,2033,250293.05581307824
San Marino,SMR,2024,33388.173
San Marino,SMR,2025,33077.662991100005
San Marino,SMR,2026,32773.348491581884
San Marino,SMR,2027,32475.11102030849
San Marino,SMR,2028,32182.835021125713
San Marino,SMR,2029,31896.407789437693
San Marino,SMR,2030,31615.71940089064
San Marino,SMR,2031,31340.662642102892
San Marino,SMR,2032,31071.132943380806
San Marino,SMR,2033,30807.028313362072
Sao Tome and Principe,STP,2024,234250.34319999997
Sao Tome and Principe,STP,2025,237576.69807343997
Sao Tome and Principe,STP,2026,240807.74116723877
Sao Tome and Principe,STP,2027,243938.24180241284
Sao Tome and Principe,STP,2028,246963.07600076275
Sao Tome and Principe,STP,2029,249877.24029757176
Sao Tome and Principe,STP,2030,252675.86538890458
Sao Tome and Principe,STP,2031,255354.22956202694
Sao Tome and Principe,STP,2032,257907.77185764723
Sao Tome and Principe,STP,2033,260332.10491310913
Saudi Arabia,SAU,2024,33370684.5648
Saudi Arabia,SAU,2025,33524189.71379808
Saudi Arabia,SAU,2026,33725334.85208087
Saudi Arabia,SAU,2027,33974902.32998627
Saudi Arabia,SAU,2028,34273881.47049014
Saudi Arabia,SAU,2029,34623475.06148914
Saudi Arabia,SAU,2030,35025107.37220242
Saudi Arabia,SAU,2031,35480433.768041044
Saudi Arabia,SAU,2032,35991352.01430084
Saudi Arabia,SAU,2033,36560015.376126796
Senegal,SEN,2024,18381229.453599997
Senegal,SEN,2025,18682681.616639037
Senegal,SEN,2026,18981604.52250526
Senegal,SEN,2027,19277717.553056344
Senegal,SEN,2028,19570738.859862804
Senegal,SEN,2029,19860385.794988774
Senegal,SEN,2030,20146375.350436613
Senegal,SEN,2031,20428424.605342727
Senegal,SEN,2032,20706251.17997539
Senegal,SEN,2033,20979573.695551068
Serbia,SRB,2024,6731162.4328000005
Serbia,SRB,2025,6688082.993230081
Serbia,SRB,2026,6643941.645474763
Serbia,SRB,2027,6598762.842285534
Serbia,SRB,2028,6552571.502389535
Serbia,SRB,2029,6505392.987572331
Serbia,SRB,2030,6457253.079464296
Serbia,SRB,2031,6408177.956060367
Serbia,SRB,2032,6358194.168003095
Serbia,SRB,2033,6307328.614659071
Seychelles,SYC,2024,127897.209
Seychelles,SYC,2025,127833.2603955
Seychelles,SYC,2026,127718.21046114404
Seychelles,SYC,2027,127552.17678754457
Seychelles,SYC,2028,127335.33808700573
Seychelles,SYC,2029,127067.93387702302
Seychelles,SYC,2030,126750.26404233045
Seychelles,SYC,2031,126382.68827660769
Seychelles,SYC,2032,125965.6254052949
Seychelles,SYC,2033,125499.5525912953
Sierra Leone,SLE,2024,8595836.504
Sierra Leone,SLE,2025,8725633.6352104
Sierra Leone,SLE,2026,8849537.632830389
Sierra Leone,SLE,2027,8967236.483347034
Sierra Leone,SLE,2028,9078430.215740537
Sierra Leone,SLE,2029,9182832.163221555
Sierra Leone,SLE,2030,9280170.184151703
Sierra Leone,SLE,2031,9370187.834937975
Sierra Leone,SLE,2032,9452645.487885429
Sierra Leone,SLE,2033,9527321.387239724
Singapore,SGP,2024,5721884.1707999995
Singapore,SGP,2025,5655510.314418719
Singapore,SGP,2026,5589906.394771461
Singapore,SGP,2027,5525063.480592112
Singapore,SGP,2028,5460972.744217243
Singapore,SGP,2029,5397625.460384322
Singapore,SGP,2030,5335013.005043864
Singapore,SGP,2031,5273126.854185355
Singapore,SGP,2032,5211958.582676805
Singapore,SGP,2033,5151499.8631177535
Slovakia,SVK,2024,5488210.756800001
Slovakia,SVK,2025,5458574.418713281
Slovakia,SVK,2026,5429098.116852229
Slovakia,SVK,2027,5399780.987021227
Slovakia,SVK,2028,5370622.169691313
Slovakia,SVK,2029,5341620.809974981
Slovakia,SVK,2030,5312776.057601116
Slovakia,SVK,2031,5284087.06689007
Slovakia,SVK,2032,5255552.9967288645
Slovakia,SVK,2033,5227173.010546529
Slovenia,SVN,2024,2107549.3997
Slovenia,SVN,2025,2097011.6527014999
Slovenia,SVN,2026,2086736.2956032625
Slovenia,SVN,2027,2076719.9613843667
Slovenia,SVN,2028,2066959.37756586
Slovenia,SVN,2029,2057451.3644290569
Slovenia,SVN,2030,2048192.8332891262
Slovenia,SVN,2031,2039180.784822654
Slovenia,SVN,2032,2030412.3074479166
Slovenia,SVN,2033,2021884.5757566353
Solomon Islands,SLB,2024,811163.496
Solomon Islands,SLB,2025,822033.0868464
Solomon Islands,SLB,2026,832555.1103580339
Solomon Islands,SLB,2027,842712.2827044019
Solomon Islands,SLB,2028,852487.745183773
Solomon Islands,SLB,2029,861865.1103807944
Solomon Islands,SLB,2030,870828.5075287546
Solomon Islands,SLB,2031,879362.6269025365
Solomon Islands,SLB,2032,887452.7630700399
Solomon Islands,SLB,2033,895084.8568324422
Somalia,SOM,2024,19074560.463999998
Somalia,SOM,2025,19793671.3934928
Somalia,SOM,2026,20514161.032215938
Somalia,SOM,2027,21234208.084446717
Somalia,SOM,2028,21951924.317701016
Somalia,SOM,2029,22665361.8580263
Somalia,SOM,2030,23372521.147996724
Somalia,SOM,2031,24071359.530321825
Somalia,SOM,2032,24759800.41288903
Somalia,SOM,2033,25435742.964160904
South Africa,ZAF,2024,63281872.572900005
South Africa,ZAF,2025,63345154.44547291
South Africa,ZAF,2026,63402165.08447383
South Africa,ZAF,2027,63452886.8165414
South Africa,ZAF,2028,63497303.837312974
South Africa,ZAF,2029,63535402.219615355
South Africa,ZAF,2030,63567169.92072516
South Africa,ZAF,2031,63592596.78869344
South Africa,ZAF,2032,63611674.56773005
South Africa,ZAF,2033,63624396.90264359
South Korea,KOR,2024,51003513.792
South Korea,KOR,2025,50238461.08512
South Korea,KOR,2026,49454741.09219213
South Korea,KOR,2027,48653574.28649861
South Korea,KOR,2028,47836194.23848543
South Korea,KOR,2029,47003844.45873579
South Korea,KOR,2030,46157775.258478545
South Korea,KOR,2031,45299240.63867085
South Korea,KOR,2032,44429495.21840837
South Korea,KOR,2033,43549791.21308388
South Sudan,SSD,2024,11673944.1286
South Sudan,SSD,2025,11856057.65700616
South Sudan,SSD,2026,12029156.098798448
South Sudan,SSD,2027,12192752.621742107
South Sudan,SSD,2028,12346381.304776058
South Sudan,SSD,2029,12489599.32791146
South Sudan,SSD,2030,12621989.080787322
South Sudan,SSD,2031,12743160.17596288
South Sudan,SSD,2032,12852751.353476161
South Sudan,SSD,2033,12950432.26376258
Spain,ESP,2024,47485122.3385
Spain,ESP,2025,47062504.74968735
Spain,ESP,2026,46643648.45741513
Spain,ESP,2027,46228519.98614414
Spain,ESP,2028,45817086.15826745
Spain,ESP,2029,45409314.09145887
Spain,ESP,2030,45005171.196044885
Spain,ESP,2031,44604625.17240009
Spain,ESP,2032,44207644.00836573
Spain,ESP,2033,43814195.976691276
Sri Lanka,LKA,2024,22939405.807600003
Sri Lanka,LKA,2025,22904996.6988886
Sri Lanka,LKA,2026,22868348.704170376
Sri Lanka,LKA,2027,22829472.511373285
Sri Lanka,LKA,2028,22788379.460852813
Sri Lanka,LKA,2029,22745081.53987719
Sri Lanka,LKA,2030,22699591.376797438
Sri Lanka,LKA,2031,22651922.234906163
Sri Lanka,LKA,2032,22602088.00598937
Sri Lanka,LKA,2033,22550103.203575592
Sudan,SDN,2024,51123677.4864
Sudan,SDN,2025,52197274.7136144
Sudan,SDN,2026,53262099.11777213
Sudan,SDN,2027,54316688.68030402
Sudan,SDN,2028,55359569.10296586
Sudan,SDN,2029,56389257.08828102
Sudan,SDN,2030,57404263.71587008
Sudan,SDN,2031,58403097.904526226
Sudan,SDN,2032,59384269.94932226
Sudan,SDN,2033,60346295.122501284
Suriname,SUR,2024,629657.4920000001
Suriname,SUR,2025,630350.1152412002
Suriname,SUR,2026,630917.4303449172
Suriname,SUR,2027,631359.0725461586
Suriname,SUR,2028,631674.7520824316
Suriname,SUR,2029,631864.2545080563
Suriname,SUR,2030,631927.4409335072
Suriname,SUR,2031,631864.2481894138
Suriname,SUR,2032,631674.688914957
Suriname,SUR,2033,631358.8515704995
Sweden,SWE,2024,10469139.7602
Sweden,SWE,2025,10375964.41633422
Sweden,SWE,2026,10272204.772170877
Sweden,SWE,2027,10158183.29919978
Sweden,SWE,2028,10034253.462949542
Sweden,SWE,2029,9900797.891892314
Sweden,SWE,2030,9758226.402249064
Sweden,SWE,2031,9606973.893014204
Sweden,SWE,2032,9447498.126390167
Sweden,SWE,2033,9280277.40955306
Switzerland,CHE,2024,8813748.672
Switzerland,CHE,2025,8759984.8051008
Switzerland,CHE,2026,8709176.893231215
Switzerland,CHE,2027,8661276.420318443
Switzerland,CHE,2028,8616237.782932788
Switzerland,CHE,2029,8574018.217796417
Switzerland,CHE,2030,8534577.733994553
Switzerland,CHE,2031,8497879.049738377
Switzerland,CHE,2032,8463887.533539424
Switzerland,CHE,2033,8432571.149665328
Syria,SYR,2024,23729056.0319
Syria,SYR,2025,23854820.02886907
Syria,SYR,2026,23971708.647010528
Syria,SYR,2027,24079581.335922074
Syria,SYR,2028,24178307.619399354
Syria,SYR,2029,24267767.357591134
Syria,SYR,2030,24347850.989871185
Syria,SYR,2031,24418459.75774181
Syria,SYR,2032,24479505.90713616
Syria,SYR,2033,24530912.869541146
Taiwan,TWN,2024,23030299.67
Taiwan,TWN,2025,22747026.984059002
Taiwan,TWN,2026,22467238.552155077
Taiwan,TWN,2027,22190891.51796357
Taiwan,TWN,2028,21917943.55229262
Taiwan,TWN,2029,21648352.84659942
Taiwan,TWN,2030,21382078.106586248
Taiwan,TWN,2031,21119078.545875236
Taiwan,TWN,2032,20859313.879760973
Taiwan,TWN,2033,20602744.319039915
Tajikistan,TJK,2024,10484310.852400001
Tajikistan,TJK,2025,10573427.4946454
Tajikistan,TJK,2026,10656957.5718531
Tajikistan,TJK,2027,10734753.362127628
Tajikistan,TJK,2028,10806676.209653882
Tajikistan,TJK,2029,10872596.93453277
Tajikistan,TJK,2030,10932396.217672702
Tajikistan,TJK,2031,10985964.959139297
Tajikistan,TJK,2032,11033204.608463595
Tajikistan,TJK,2033,11074027.46551491
Tanzania,TZA,2024,68249686.122
Tanzania,TZA,2025,69880853.62031579
Tanzania,TZA,2026,71509077.50966915
Tanzania,TZA,2027,73132333.56913865
Tanzania,TZA,2028,74748558.14101662
Tanzania,TZA,2029,76355652.14104848
Tanzania,TZA,2030,77951485.2707964
Tanzania,TZA,2031,79533900.42179357
Tanzania,TZA,2032,81100718.2601029
Tanzania,TZA,2033,82649741.97887087
Thailand,THA,2024,71057075.427
Thailand,THA,2025,70410456.0406143
Thailand,THA,2026,69762679.84504065
Thailand,THA,2027,69113886.92248178
Thailand,THA,2028,68464216.38541044
Thailand,THA,2029,67813806.32974905
Thailand,THA,2030,67162793.78898345
Thailand,THA,2031,66511314.68923031
Thailand,THA,2032,65859503.80527585
Thailand,THA,2033,65207494.71760362
Togo,TGO,2024,9493166.0667
Togo,TGO,2025,9680181.438213991
Togo,TGO,2026,9865072.903683878
Togo,TGO,2027,10047576.75240203
Togo,TGO,2028,10227428.376270026
Togo,TGO,2029,10404362.887179498
Togo,TGO,2030,10578115.747395394
Togo,TGO,2031,10748423.41092846
Togo,TGO,2032,10915023.973797852
Togo,TGO,2033,11077657.831007442
Tonga,TON,2024,105600.19350000001
Tonga,TON,2025,106603.39533825002
Tonga,TON,2026,107573.48623582811
Tonga,TON,2027,108509.3755660798
Tonga,TON,2028,109410.00338327826
Tonga,TON,2029,110274.34241000617
Tonga,TON,2030,111101.39997808122
Tonga,TON,2031,111890.21991792558
Tonga,TON,2032,112639.88439137567
Tonga,TON,2033,113349.51566304134
Trinidad and Tobago,TTO,2024,1494170.2554
Trinidad and Tobago,TTO,2025,1485354.65089314
Trinidad and Tobago,TTO,2026,1476442.522987781
Trinidad and Tobago,TTO,2027,1467436.2235975557
Trinidad and Tobago,TTO,2028,1458338.1190112508
Trinidad and Tobago,TTO,2029,1449150.58886148
Trinidad and Tobago,TTO,2030,1439876.0250927664
Trinidad and Tobago,TTO,2031,1430516.8309296635
Trinidad and Tobago,TTO,2032,1421075.4198455277
Trinidad and Tobago,TTO,2033,1411554.2145325625
Tunisia,TUN,2024,12165005.8777
Tunisia,TUN,2025,12127294.35947913
Tunisia,TUN,2026,12087274.288092848
Tunisia,TUN,2027,12044968.828084523
Tunisia,TUN,2028,12000402.44342061
Tunisia,TUN,2029,11953600.87389127
Tunisia,TUN,2030,11904591.110308316
Tunisia,TUN,2031,11853401.36853399
Tunisia,TUN,2032,11800061.062375586
Tunisia,TUN,2033,11744600.77538242
Turkey,TUR,2024,86860279.8803
Turkey,TUR,2025,86452036.5648626
Turkey,TUR,2026,86045711.99300773
Turkey,TUR,2027,85641297.1466406
Turkey,TUR,2028,85238783.05005139
Turkey,TUR,2029,84838160.76971614
Turkey,TUR,2030,84439421.41409847
Turkey,TUR,2031,84042556.1334522
Turkey,TUR,2032,83647556.11962497
Turkey,TUR,2033,83254412.60586274
Turkmenistan,TKM,2024,7404898.167
Turkmenistan,TKM,2025,7442663.147651701
Turkmenistan,TKM,2026,7477643.664445664
Turkmenistan,TKM,2027,7509797.53220278
Turkmenistan,TKM,2028,7539085.742578371
Turkmenistan,TKM,2029,7565472.542677396
Turkmenistan,TKM,2030,7588925.507559697
Turkmenistan,TKM,2031,7609415.606430108
Turkmenistan,TKM,2032,7626917.262324897
Turkmenistan,TKM,2033,7641408.405123314
Tuvalu,TUV,2024,9893.7104
Tuvalu,TUV,2025,9997.5943592
Tuvalu,TUV,2026,10099.56982166384
Tuvalu,TUV,2027,10199.555562898311
Tuvalu,TUV,2028,10297.471296302136
Tuvalu,TUV,2029,10393.237779357747
Tuvalu,TUV,2030,10486.776919371965
Tuvalu,TUV,2031,10578.0118785705
Tuvalu,TUV,2032,10666.867178350492
Tuvalu,TUV,2033,10753.268802495131
Uganda,UGA,2024,49663740.58499999
Uganda,UGA,2025,50637149.900465995
Uganda,UGA,2026,51573937.17362461
Uganda,UGA,2027,52471323.680445686
Uganda,UGA,2028,53326606.25643695
Uganda,UGA,2029,54137170.6715348
Uganda,UGA,2030,54900504.77800344
Uganda,UGA,2031,55614211.34011749
Uganda,UGA,2032,56276020.45506489
Uganda,UGA,2033,56883801.475979604
Ukraine,UKR,2024,37340360.0776
Ukraine,UKR,2025,36981892.62085504
Ukraine,UKR,2026,36656451.965791516
Ukraine,UKR,2027,36363200.35006519
Ukraine,UKR,2028,36101385.307544716
Ukraine,UKR,2029,35870336.44157643
Ukraine,UKR,2030,35669462.557503596
Ukraine,UKR,2031,35498249.13722758
Ukraine,UKR,2032,35356256.14067867
Ukraine,UKR,2033,35243116.1210285
United Arab Emirates,ARE,2024,10551594.558
United Arab Emirates,ARE,2025,10467181.801536
United Arab Emirates,ARE,2026,10388677.93802448
United Arab Emirates,ARE,2027,10315957.19245831
United Arab Emirates,ARE,2028,10248903.47070733
United Arab Emirates,ARE,2029,10187410.049883086
United Arab Emirates,ARE,2030,10131379.294608729
United Arab Emirates,ARE,2031,10080722.398135684
United Arab Emirates,ARE,2032,10035359.147344075
United Arab Emirates,ARE,2033,9995217.710754698
United Kingdom,GBR,2024,68312019.3022
United Kingdom,GBR,2025,67943134.39796813
United Kingdom,GBR,2026,67576241.47221911
United Kingdom,GBR,2027,67211329.76826912
United Kingdom,GBR,2028,66848388.58752047
United Kingdom,GBR,2029,66487407.28914786
United Kingdom,GBR,2030,66128375.289786465
United Kingdom,GBR,2031,65771282.06322162
United Kingdom,GBR,2032,65416117.14008022
United Kingdom,GBR,2033,65062870.10752379
United States,USA,2024,341656856.38420004
United States,USA,2025,339675246.61717165
United States,USA,2026,337535292.5634835
United States,USA,2027,335240052.5740518
United States,USA,2028,332792800.19026124
United States,USA,2029,330197016.3487772
United States,USA,2030,327456381.11308235
United States,USA,2031,324574764.9592872
United States,USA,2032,321556219.64516586
United States,USA,2033,318404968.6926432
Uruguay,URY,2024,3363973.9941000002
Uruguay,URY,2025,3339416.9839430703
Uruguay,URY,2026,3314371.3565634973
Uruguay,URY,2027,3288850.697117958
Uruguay,URY,2028,3262868.7766107265
Uruguay,URY,2029,3236439.5395201794
Uruguay,URY,2030,3209577.091342162
Uruguay,URY,2031,3182295.6860657535
Uruguay,URY,2032,3154609.7135969815
Uruguay,URY,2033,3126533.6871459684
Uzbekistan,UZB,2024,36187047.95999999
Uzbekistan,UZB,2025,36766040.727359995
Uzbekistan,UZB,2026,37391063.41972511
Uzbekistan,UZB,2027,38064102.56128017
Uzbekistan,UZB,2028,38787320.50994449
Uzbekistan,UZB,2029,39563066.92014338
Uzbekistan,UZB,2030,40393891.32546639
Uzbekistan,UZB,2031,41282556.93462665
Uzbekistan,UZB,2032,42232055.74412306
Uzbekistan,UZB,2033,43245625.08198201
Vanuatu,VUT,2024,325022.4665
Vanuatu,VUT,2025,329572.78103099996
Vanuatu,VUT,2026,334022.0135749185
Vanuatu,VUT,2027,338364.2997513924
Vanuatu,VUT,2028,342593.85349828476
Vanuatu,VUT,2029,346704.9797402642
Vanuatu,VUT,2030,350692.08700727724
Vanuatu,VUT,2031,354549.6999643573
Vanuatu,VUT,2032,358272.47181398305
Vanuatu,VUT,2033,361855.1965321229
Venezuela,VEN,2024,28292324.7555
Venezuela,VEN,2025,28281007.8255978
Venezuela,VEN,2026,28266867.321685
Venezuela,VEN,2027,28249907.20129199
Venezuela,VEN,2028,28230132.266251083
Venezuela,VEN,2029,28207548.160438083
Venezuela,VEN,2030,28182161.36709369
Venezuela,VEN,2031,28153979.205726597
Venezuela,VEN,2032,28123009.8286003
Venezuela,VEN,2033,28089262.21680598
Vietnam,VNM,2024,100141403.4997
Vietnam,VNM,2025,99911078.27165069
Vietnam,VNM,2026,99661300.57597156
Vietnam,VNM,2027,99392215.06441644
Vietnam,VNM,2028,99103977.64072964
Vietnam,VNM,2029,98796755.31004338
Vietnam,VNM,2030,98470726.01752023
Vietnam,VNM,2031,98126078.4764589
Vietnam,VNM,2032,97763011.98609601
Vietnam,VNM,2033,97381736.23935023
Yemen,YEM,2024,40371579.675
Yemen,YEM,2025,41376832.0089075
Yemen,YEM,2026,42407115.12592929
Yemen,YEM,2027,43463052.29256492
Yemen,YEM,2028,44545282.29464979
Yemen,YEM,2029,45654459.823786564
Yemen,YEM,2030,46791255.87339885
Yemen,YEM,2031,47956358.14464647
Yemen,YEM,2032,49150471.462448165
Yemen,YEM,2033,50374318.20186312
Zambia,ZMB,2024,21121822.3216
Zambia,ZMB,2025,21510463.85231744
Zambia,ZMB,2026,21889048.01611823
Zambia,ZMB,2027,22256784.022789013
Zambia,ZMB,2028,22612892.567153636
Zambia,ZMB,2029,22956608.534174375
Zambia,ZMB,2030,23287183.697066486
Zambia,ZMB,2031,23603889.395346593
Zambia,ZMB,2032,23906019.179607026
Zambia,ZMB,2033,24192891.40976231
Zimbabwe,ZWE,2024,16597328.2146
Zimbabwe,ZWE,2025,16849607.60346192
Zimbabwe,ZWE,2026,17097296.83523281
Zimbabwe,ZWE,2027,17340078.450293116
Zimbabwe,ZWE,2028,17577637.525062133
Zimbabwe,ZWE,2029,17809662.340392955
Zimbabwe,ZWE,2030,18035845.052115943
Zimbabwe,ZWE,2031,18255882.361751758
Zimbabwe,ZWE,2032,18469476.185384255
Zimbabwe,ZWE,2033,18676334.31866056
